Chapter,Primary Image,Supplementary Image,
Platform Purpose,https://images.unsplash.com/photo-1503387761-592deb58ef4e?auto=format&fit=crop&w=1400&q=80,https://images.pexels.com/photos/323780/pexels-photo-323780.jpeg,
Who This Is For,https://images.unsplash.com/photo-1522202176988-66273c2fd55f?auto=format&fit=crop&w=1400&q=80,https://images.pexels.com/photos/3184291/pexels-photo-3184291.jpeg,
How To Use This System,https://images.unsplash.com/photo-1492724441997-5dc865305da7?auto=format&fit=crop&w=1400&q=80,https://images.pexels.com/photos/669610/pexels-photo-669610.jpeg,
Platform Structure Overview,https://images.unsplash.com/photo-1487958449943-2429e8be8625?auto=format&fit=crop&w=1400&q=80,https://images.pexels.com/photos/259588/pexels-photo-259588.jpeg,
Core Principles,https://images.unsplash.com/photo-1519710164239-da123dc03ef4?auto=format&fit=crop&w=1400&q=80,https://images.pexels.com/photos/256381/pexels-photo-256381.jpeg,
Expected Outcome,https://images.unsplash.com/photo-1497366216548-37526070297c?auto=format&fit=crop&w=1400&q=80,https://images.pexels.com/photos/3861958/pexels-photo-3861958.jpeg,
Chapter,Primary Image,Supplementary Image,
Global Portfolio References,https://images.unsplash.com/photo-1500530855697-b586d89ba3ee?auto=format&fit=crop&w=1400&q=80,https://images.pexels.com/photos/323705/pexels-photo-323705.jpeg,
Indian Portfolio References,https://images.unsplash.com/photo-1531973576160-7125cd663d86?auto=format&fit=crop&w=1400&q=80,https://images.pexels.com/photos/259962/pexels-photo-259962.jpeg,
Portfolio Type Categorization,https://images.unsplash.com/photo-1501594907352-04cda38ebc29?auto=format&fit=crop&w=1400&q=80,https://images.pexels.com/photos/1181396/pexels-photo-1181396.jpeg,
Structure Analysis Checklist,https://images.unsplash.com/photo-1504384308090-c894fdcc538d?auto=format&fit=crop&w=1400&q=80,https://images.pexels.com/photos/3183197/pexels-photo-3183197.jpeg,
Page Sequencing Patterns,https://images.unsplash.com/photo-1486406146926-c627a92ad1ab?auto=format&fit=crop&w=1400&q=80,https://images.pexels.com/photos/669615/pexels-photo-669615.jpeg,
Common Mistakes Archive,https://images.unsplash.com/photo-1517048676732-d65bc937f952?auto=format&fit=crop&w=1400&q=80,https://images.pexels.com/photos/3184465/pexels-photo-3184465.jpeg,
Chapter,Primary Image,Supplementary Image,
Firm Classification by Scale,https://images.unsplash.com/photo-1497366754035-f200968a6e72?auto=format&fit=crop&w=1400&q=80,https://images.pexels.com/photos/323780/pexels-photo-323780.jpeg,
Firm Classification by City,https://images.unsplash.com/photo-1477959858617-67f85cf4f1df?auto=format&fit=crop&w=1400&q=80,https://images.pexels.com/photos/466685/pexels-photo-466685.jpeg,
Internship Suitability Matrix,https://images.unsplash.com/photo-1507679799987-c73779587ccf?auto=format&fit=crop&w=1400&q=80,https://images.pexels.com/photos/3183150/pexels-photo-3183150.jpeg,
Firm Study Checklist,https://images.unsplash.com/photo-1524758631624-e2822e304c36?auto=format&fit=crop&w=1400&q=80,https://images.pexels.com/photos/3184325/pexels-photo-3184325.jpeg,
Chapter,Primary Image,Supplementary Image,
Ideal Page Count Strategy,https://images.unsplash.com/photo-1492724441997-5dc865305da7?auto=format&fit=crop&w=1400&q=80,https://images.pexels.com/photos/269077/pexels-photo-269077.jpeg,
Project Structure Framework,https://images.unsplash.com/photo-1503387760-592deb58ef4e?auto=format&fit=crop&w=1400&q=80,https://images.pexels.com/photos/3184292/pexels-photo-3184292.jpeg,
Technical Section Engineering,https://images.unsplash.com/photo-1501183638710-841dd1904471?auto=format&fit=crop&w=1400&q=80,https://images.pexels.com/photos/256397/pexels-photo-256397.jpeg,
Content Balance Formula,https://images.unsplash.com/photo-1504384308090-c894fdcc538d?auto=format&fit=crop&w=1400&q=80,https://images.pexels.com/photos/3183153/pexels-photo-3183153.jpeg,
Chapter,Primary Image,Supplementary Image,
Grid System,https://images.unsplash.com/photo-1519681393784-d120267933ba?auto=format&fit=crop&w=1400&q=80,https://images.pexels.com/photos/574077/pexels-photo-574077.jpeg,
Typography Hierarchy,https://images.unsplash.com/photo-1492724441997-5dc865305da7?auto=format&fit=crop&w=1400&q=80,https://images.pexels.com/photos/374016/pexels-photo-374016.jpeg,
Line Weight Discipline,https://images.unsplash.com/photo-1487958449943-2429e8be8625?auto=format&fit=crop&w=1400&q=80,https://images.pexels.com/photos/259962/pexels-photo-259962.jpeg,
Page Rhythm,https://images.unsplash.com/photo-1522202176988-66273c2fd55f?auto=format&fit=crop&w=1400&q=80,https://images.pexels.com/photos/1181675/pexels-photo-1181675.jpeg,
Chapter,Primary Image,Supplementary Image,
Plan Drawing Benchmark,https://images.unsplash.com/photo-1503387762-592deb58ef4e?auto=format&fit=crop&w=1400&q=80,https://images.pexels.com/photos/259588/pexels-photo-259588.jpeg,
Section Benchmark,https://images.unsplash.com/photo-1519710164239-da123dc03ef4?auto=format&fit=crop&w=1400&q=80,https://images.pexels.com/photos/256397/pexels-photo-256397.jpeg,
Working Drawing Sample,https://images.unsplash.com/photo-1501594907352-04cda38ebc29?auto=format&fit=crop&w=1400&q=80,https://images.pexels.com/photos/3184328/pexels-photo-3184328.jpeg,
Detail Drawing Benchmark,https://images.unsplash.com/photo-1501183638710-841dd1904471?auto=format&fit=crop&w=1400&q=80,https://images.pexels.com/photos/3862130/pexels-photo-3862130.jpeg,
,,,
Chapter,Primary Image,Supplementary Image,
Choosing Page Size,https://images.unsplash.com/photo-1581094794329-c8112a89af12?auto=format&fit=crop&w=1400&q=80,https://images.pexels.com/photos/4792488/pexels-photo-4792488.jpeg,
Portrait vs Landscape Strategy,https://images.unsplash.com/photo-1558655146-d09347e92766?auto=format&fit=crop&w=1400&q=80,https://images.pexels.com/photos/5691613/pexels-photo-5691613.jpeg,
A4 vs A3 Logic,https://images.unsplash.com/photo-1544716278-e513176f20b5?auto=format&fit=crop&w=1400&q=80,https://images.pexels.com/photos/590493/pexels-photo-590493.jpeg,
Template Archetypes,https://images.unsplash.com/photo-1586717791821-3f44a563fa4c?auto=format&fit=crop&w=1400&q=80,https://images.pexels.com/photos/3184431/pexels-photo-3184431.jpeg,
Minimal Template System,https://images.unsplash.com/photo-1532153955177-f59af40d6472?auto=format&fit=crop&w=1400&q=80,https://images.pexels.com/photos/6373298/pexels-photo-6373298.jpeg,
Editorial Template System,https://images.unsplash.com/photo-1529336953121-ad3b0f1a0d7f?auto=format&fit=crop&w=1400&q=80,https://images.pexels.com/photos/6177607/pexels-photo-6177607.jpeg,
Technical Template System,https://images.unsplash.com/photo-1581093458791-9f3c1f27f5b6?auto=format&fit=crop&w=1400&q=80,https://images.pexels.com/photos/834892/pexels-photo-834892.jpeg,
Bold Visual Template System,https://images.unsplash.com/photo-1560448075-bb485b067938?auto=format&fit=crop&w=1400&q=80,https://images.pexels.com/photos/827518/pexels-photo-827518.jpeg,
,,,
Chapter,Primary Image,Supplementary Image,
Internship Resume Structure,https://images.unsplash.com/photo-1586281380349-632531db7ed4?auto=format&fit=crop&w=1400&q=80,https://images.pexels.com/photos/3797991/pexels-photo-3797991.jpeg,
Resume Design Rules,https://images.unsplash.com/photo-1573497161161-c3c6fef12e7d?auto=format&fit=crop&w=1400&q=80,https://images.pexels.com/photos/4348404/pexels-photo-4348404.jpeg,
Application Email Structure,https://images.unsplash.com/photo-1515378791036-0648a3ef77b2?auto=format&fit=crop&w=1400&q=80,https://images.pexels.com/photos/5054354/pexels-photo-5054354.jpeg,
File Naming Discipline,https://images.unsplash.com/photo-1586282023358-4a5f7a90cfa5?auto=format&fit=crop&w=1400&q=80,https://images.pexels.com/photos/6177540/pexels-photo-6177540.jpeg,
,,,
Chapter,Primary Image,Supplementary Image,
Drafting & Working Drawings,https://images.unsplash.com/photo-1600585154340-be6161a56a0c?auto=format&fit=crop&w=1400&q=80,https://images.pexels.com/photos/416405/pexels-photo-416405.jpeg,
BIM & Revit Workflow,https://images.unsplash.com/photo-1581091012184-5c0f1fbb0e4a?auto=format&fit=crop&w=1400&q=80,https://images.pexels.com/photos/3861969/pexels-photo-3861969.jpeg,
Visualization & Rendering,https://images.unsplash.com/photo-1604014237744-7b6b50e0b0d1?auto=format&fit=crop&w=1400&q=80,https://images.pexels.com/photos/373912/pexels-photo-373912.jpeg,
Environmental Analysis Skills,https://images.unsplash.com/photo-1581092334421-8a1d7c9e2a45?auto=format&fit=crop&w=1400&q=80,https://images.pexels.com/photos/979999/pexels-photo-979999.jpeg,
,,,
Chapter,Primary Image,Supplementary Image,
Over-Rendering Mistake,https://images.unsplash.com/photo-1520975916090-3105956dac38?auto=format&fit=crop&w=1400&q=80,https://images.pexels.com/photos/3184306/pexels-photo-3184306.jpeg,
Weak Section Quality,https://images.unsplash.com/photo-1581090464777-f3220bbe1b8b?auto=format&fit=crop&w=1400&q=80,https://images.pexels.com/photos/3862132/pexels-photo-3862132.jpeg,
Poor Grid Discipline,https://images.unsplash.com/photo-1558655146-9f40138edfeb?auto=format&fit=crop&w=1400&q=80,https://images.pexels.com/photos/574070/pexels-photo-574070.jpeg,
Excessive Page Count,https://images.unsplash.com/photo-1586282391129-76a6df230234?auto=format&fit=crop&w=1400&q=80,https://images.pexels.com/photos/590022/pexels-photo-590022.jpeg,
,,,
Chapter,Primary Image,Supplementary Image,
Indian Practice Ecosystem Map,https://images.unsplash.com/photo-1599423300746-b62533397364?auto=format&fit=crop&w=1400&q=80,https://images.pexels.com/photos/210617/pexels-photo-210617.jpeg,
Scale of Practice (Small–Corporate),https://images.unsplash.com/photo-1486406146926-c627a92ad1ab?auto=format&fit=crop&w=1400&q=80,https://images.pexels.com/photos/323780/pexels-photo-323780.jpeg,
Design Orientation Axis,https://images.unsplash.com/photo-1538688423619-a81d3f23454b?auto=format&fit=crop&w=1400&q=80,https://images.pexels.com/photos/323705/pexels-photo-323705.jpeg,
Internship Exposure Typology,https://images.unsplash.com/photo-1551836022-d5d88e9218df?auto=format&fit=crop&w=1400&q=80,https://images.pexels.com/photos/1181406/pexels-photo-1181406.jpeg,
,,,
Chapter,Primary Image,Supplementary Image,
Mumbai Practice Landscape,https://images.unsplash.com/photo-1567157577867-05ccb1388e66?auto=format&fit=crop&w=1400&q=80,https://images.pexels.com/photos/1034662/pexels-photo-1034662.jpeg,
Delhi NCR Corporate Landscape,https://images.unsplash.com/photo-1587474260584-136574528ed5?auto=format&fit=crop&w=1400&q=80,https://images.pexels.com/photos/789750/pexels-photo-789750.jpeg,
Bengaluru Sustainable & Tech Firms,https://images.unsplash.com/photo-1585508889435-67c7e80c0e4d?auto=format&fit=crop&w=1400&q=80,https://images.pexels.com/photos/1115804/pexels-photo-1115804.jpeg,
Ahmedabad Craft & Institutional Culture,https://images.unsplash.com/photo-1570168007204-dfb528c6958f?auto=format&fit=crop&w=1400&q=80,https://images.pexels.com/photos/3013919/pexels-photo-3013919.jpeg,
Pune Emerging Practice Mix,https://images.unsplash.com/photo-1600607688969-a5bfcd646154?auto=format&fit=crop&w=1400&q=80,https://images.pexels.com/photos/1643383/pexels-photo-1643383.jpeg,
,,,
Chapter,Primary Image,Supplementary Image,
Firm Classification by Typology,https://images.unsplash.com/photo-1507209696998-3c532be9b2b1?auto=format&fit=crop&w=1400&q=80,https://images.pexels.com/photos/3182812/pexels-photo-3182812.jpeg,
Firm Classification by Design Philosophy,https://images.unsplash.com/photo-1524758631624-e2822e304c36?auto=format&fit=crop&w=1400&q=80,https://images.pexels.com/photos/1181354/pexels-photo-1181354.jpeg,
Internship Suitability Matrix,https://images.unsplash.com/photo-1542744173-8e7e53415bb0?auto=format&fit=crop&w=1400&q=80,https://images.pexels.com/photos/669615/pexels-photo-669615.jpeg,
Firm Study Checklist Framework,https://images.unsplash.com/photo-1556761175-4b46a572b786?auto=format&fit=crop&w=1400&q=80,https://images.pexels.com/photos/3184339/pexels-photo-3184339.jpeg,
,,,
Chapter,Primary Image,Supplementary Image,
Internship Intelligence Spreadsheet,https://images.unsplash.com/photo-1531497865144-0464ef8fb9a9?auto=format&fit=crop&w=1400&q=80,https://images.pexels.com/photos/590016/pexels-photo-590016.jpeg,
Real-Time Internship Tracking,https://images.unsplash.com/photo-1551281044-8b3a6b6c9f3d?auto=format&fit=crop&w=1400&q=80,https://images.pexels.com/photos/3182763/pexels-photo-3182763.jpeg,
Portfolio-to-Firm Matching Logic,https://images.unsplash.com/photo-1551836022-4c4c79ecde51?auto=format&fit=crop&w=1400&q=80,https://images.pexels.com/photos/669619/pexels-photo-669619.jpeg,
Application Priority Matrix,https://images.unsplash.com/photo-1507679799987-c73779587ccf?auto=format&fit=crop&w=1400&q=80,https://images.pexels.com/photos/3183150/pexels-photo-3183150.jpeg,
,,,
Chapter,Primary Image,Supplementary Image,
Portfolio Profile Scoring,https://images.unsplash.com/photo-1559526324-593bc073d938?auto=format&fit=crop&w=1400&q=80,https://images.pexels.com/photos/3861969/pexels-photo-3861969.jpeg,
Firm Expectation Weight Model,https://images.unsplash.com/photo-1543286386-713bdd548da4?auto=format&fit=crop&w=1400&q=80,https://images.pexels.com/photos/669365/pexels-photo-669365.jpeg,
Compatibility Percentage Logic,https://images.unsplash.com/photo-1559523182-a284c3fb7cff?auto=format&fit=crop&w=1400&q=80,https://images.pexels.com/photos/3184418/pexels-photo-3184418.jpeg,
Internship Strategy Matrix,https://images.unsplash.com/photo-1507208773393-40d9fc6704b3?auto=format&fit=crop&w=1400&q=80,https://images.pexels.com/photos/3182774/pexels-photo-3182774.jpeg,
,,,
Chapter,Primary Image,Supplementary Image,
Portfolio Audit Process,https://images.unsplash.com/photo-1552664730-d307ca884978?auto=format&fit=crop&w=1400&q=80,https://images.pexels.com/photos/669454/pexels-photo-669454.jpeg,
Self-Evaluation Matrix,https://images.unsplash.com/photo-1551281044-8b3a6b6c9f3d?auto=format&fit=crop&w=1400&q=80,https://images.pexels.com/photos/3183198/pexels-photo-3183198.jpeg,
Peer Review System,https://images.unsplash.com/photo-1521737604893-d14cc237f11d?auto=format&fit=crop&w=1400&q=80,https://images.pexels.com/photos/1181622/pexels-photo-1181622.jpeg,
Iterative Refinement Strategy,https://images.unsplash.com/photo-1492724441997-3c1d4d6c3d76?auto=format&fit=crop&w=1400&q=80,https://images.pexels.com/photos/590022/pexels-photo-590022.jpeg,
,,,
Chapter,Primary Image,Supplementary Image,
Case Study Documentation,https://images.unsplash.com/photo-1529333166437-7750a6dd5a70?auto=format&fit=crop&w=1400&q=80,https://images.pexels.com/photos/3861964/pexels-photo-3861964.jpeg,
Drawing Quality Benchmarking,https://images.unsplash.com/photo-1503387763-592deb58ef4e?auto=format&fit=crop&w=1400&q=80,https://images.pexels.com/photos/259962/pexels-photo-259962.jpeg,
Sectional Intelligence Analysis,https://images.unsplash.com/photo-1518005020951-eccb494ad742?auto=format&fit=crop&w=1400&q=80,https://images.pexels.com/photos/3862132/pexels-photo-3862132.jpeg,
Material & Detail Mapping,https://images.unsplash.com/photo-1581093588401-12e45f1d3e0c?auto=format&fit=crop&w=1400&q=80,https://images.pexels.com/photos/834892/pexels-photo-834892.jpeg,
,,,
Chapter,Primary Image,Supplementary Image,
Visual Hierarchy Optimization,https://images.unsplash.com/photo-1558655146-364adaf1fcc9?auto=format&fit=crop&w=1400&q=80,https://images.pexels.com/photos/574071/pexels-photo-574071.jpeg,
Information Density Control,https://images.unsplash.com/photo-1507679799987-88e5a3b2c1e0?auto=format&fit=crop&w=1400&q=80,https://images.pexels.com/photos/3182763/pexels-photo-3182763.jpeg,
White Space Strategy,https://images.unsplash.com/photo-1537432376769-00a0f7e4d0d3?auto=format&fit=crop&w=1400&q=80,https://images.pexels.com/photos/6373298/pexels-photo-6373298.jpeg,
Annotation Discipline,https://images.unsplash.com/photo-1581091215367-59ab6b7b6c3e?auto=format&fit=crop&w=1400&q=80,https://images.pexels.com/photos/3861958/pexels-photo-3861958.jpeg,
,,,
Chapter,Primary Image,Supplementary Image,
Interactive Portfolio Platforms,https://images.unsplash.com/photo-1498050108023-c5249f4df085?auto=format&fit=crop&w=1400&q=80,https://images.pexels.com/photos/1181677/pexels-photo-1181677.jpeg,
PDF Compression & Optimization,https://images.unsplash.com/photo-1586281380349-632531db7ed4?auto=format&fit=crop&w=1400&q=80,https://images.pexels.com/photos/590016/pexels-photo-590016.jpeg,
Online Viewing Behavior Analysis,https://images.unsplash.com/photo-1519389950473-47ba0277781c?auto=format&fit=crop&w=1400&q=80,https://images.pexels.com/photos/1181298/pexels-photo-1181298.jpeg,
File Structure Organization,https://images.unsplash.com/photo-1586282023358-4a5f7a90cfa5?auto=format&fit=crop&w=1400&q=80,https://images.pexels.com/photos/6177540/pexels-photo-6177540.jpeg,
,,,
Chapter,Primary Image,Supplementary Image,
Portfolio Versioning Strategy,https://images.unsplash.com/photo-1543286386-2e659306cd6c?auto=format&fit=crop&w=1400&q=80,https://images.pexels.com/photos/3183153/pexels-photo-3183153.jpeg,
Career Direction Mapping,https://images.unsplash.com/photo-1500534314209-a25ddb2bd429?auto=format&fit=crop&w=1400&q=80,https://images.pexels.com/photos/1181354/pexels-photo-1181354.jpeg,
Skill Upgrade Roadmap,https://images.unsplash.com/photo-1526378722370-9b9e99b8c6b6?auto=format&fit=crop&w=1400&q=80,https://images.pexels.com/photos/3184328/pexels-photo-3184328.jpeg,
Continuous Improvement Framework,https://images.unsplash.com/photo-1523958203904-cdcb402031fd?auto=format&fit=crop&w=1400&q=80,https://images.pexels.com/photos/1181406/pexels-photo-1181406.jpeg,
,,,
Chapter,Primary Image,Supplementary Image,
Global Practice Ecosystem,https://images.unsplash.com/photo-1505761671935-60b3a7427bad?auto=format&fit=crop&w=1400&q=80,https://images.pexels.com/photos/466685/pexels-photo-466685.jpeg,
International Firm Structures,https://images.unsplash.com/photo-1494526585095-c41746248156?auto=format&fit=crop&w=1400&q=80,https://images.pexels.com/photos/1105766/pexels-photo-1105766.jpeg,
Cultural Context & Design Response,https://images.unsplash.com/photo-1500534623283-312aade485b7?auto=format&fit=crop&w=1400&q=80,https://images.pexels.com/photos/2102587/pexels-photo-2102587.jpeg,
Global Project Typologies,https://images.unsplash.com/photo-1479839672679-a46483c0e7c8?auto=format&fit=crop&w=1400&q=80,https://images.pexels.com/photos/2219024/pexels-photo-2219024.jpeg,
,,,
Chapter,Primary Image,Supplementary Image,
European Portfolio Standards,https://images.unsplash.com/photo-1505692794403-55a6eea8f6e2?auto=format&fit=crop&w=1400&q=80,https://images.pexels.com/photos/256381/pexels-photo-256381.jpeg,
US Firm Documentation Culture,https://images.unsplash.com/photo-1487958449943-54a3f0d5b5b0?auto=format&fit=crop&w=1400&q=80,https://images.pexels.com/photos/259588/pexels-photo-259588.jpeg,
Middle East Corporate Practices,https://images.unsplash.com/photo-1501594907352-6c6c4d3e0b5a?auto=format&fit=crop&w=1400&q=80,https://images.pexels.com/photos/373912/pexels-photo-373912.jpeg,
Competition-Driven Portfolios,https://images.unsplash.com/photo-1517245386807-bb43f82c33c4?auto=format&fit=crop&w=1400&q=80,https://images.pexels.com/photos/3184339/pexels-photo-3184339.jpeg,
,,,
Chapter,Primary Image,Supplementary Image,
International Licensure Pathways,https://images.unsplash.com/photo-1529336953121-b0c42e3a7e62?auto=format&fit=crop&w=1400&q=80,https://images.pexels.com/photos/1181677/pexels-photo-1181677.jpeg,
Academic vs Professional Tracks,https://images.unsplash.com/photo-1496307042754-b4aa456c4a2d?auto=format&fit=crop&w=1400&q=80,https://images.pexels.com/photos/3184306/pexels-photo-3184306.jpeg,
Internship to Employment Transition,https://images.unsplash.com/photo-1552664688-cf412ec27db2?auto=format&fit=crop&w=1400&q=80,https://images.pexels.com/photos/3182763/pexels-photo-3182763.jpeg,
Long-Term Global Career Strategy,https://images.unsplash.com/photo-1492724441997-5d3e0b7c0b8f?auto=format&fit=crop&w=1400&q=80,https://images.pexels.com/photos/590016/pexels-photo-590016.jpeg,
,,,
Chapter,Primary Image,Supplementary Image,
Portfolio Format Variations,https://images.unsplash.com/photo-1492724441997-6b3c0b5b3b9f?auto=format&fit=crop&w=1400&q=80,https://images.pexels.com/photos/669365/pexels-photo-669365.jpeg,
English Language Refinement,https://images.unsplash.com/photo-1519389950473-47ba0277781c?auto=format&fit=crop&w=1400&q=80,https://images.pexels.com/photos/1181406/pexels-photo-1181406.jpeg,
Remote Interview Preparation,https://images.unsplash.com/photo-1587614382346-4ec70e388b28?auto=format&fit=crop&w=1400&q=80,https://images.pexels.com/photos/3183198/pexels-photo-3183198.jpeg,
Time Zone & Communication Strategy,https://images.unsplash.com/photo-1526378722370-3b3f0a2e0c2a?auto=format&fit=crop&w=1400&q=80,https://images.pexels.com/photos/1181298/pexels-photo-1181298.jpeg,
,,,
Chapter,Primary Image,Supplementary Image,
Personal Brand Architecture,https://images.unsplash.com/photo-1492724441997-4b3e2b7c5a1f?auto=format&fit=crop&w=1400&q=80,https://images.pexels.com/photos/3183153/pexels-photo-3183153.jpeg,
Online Portfolio Platforms,https://images.unsplash.com/photo-1498050108023-c5249f4df085?auto=format&fit=crop&w=1400&q=80,https://images.pexels.com/photos/1181675/pexels-photo-1181675.jpeg,
Professional Networking Strategy,https://images.unsplash.com/photo-1559526324-593bc073d938?auto=format&fit=crop&w=1400&q=80,https://images.pexels.com/photos/1181354/pexels-photo-1181354.jpeg,
Long-Term Global Visibility,https://images.unsplash.com/photo-1523958203904-1d5c1f0b2b5e?auto=format&fit=crop&w=1400&q=80,https://images.pexels.com/photos/3861969/pexels-photo-3861969.jpeg,
,,,
Ch,Chapter Title,Primary Image,Supplementary Image
67,Line Weight Hierarchy,https://images.unsplash.com/photo-1581091870627-3c3b4b8c2d55?auto=format&fit=crop&w=1400&q=80,https://images.unsplash.com/photo-1600585152915-d208bec867a1?auto=format&fit=crop&w=1400&q=80
68,Scale Discipline,https://images.unsplash.com/photo-1581090700227-1e8c1d4b8e8f?auto=format&fit=crop&w=1400&q=80,https://images.unsplash.com/photo-1596495578065-6e0763fa1178?auto=format&fit=crop&w=1400&q=80
69,Dimensioning Standards,https://images.unsplash.com/photo-1581092334421-8a1d7c9e2a45?auto=format&fit=crop&w=1400&q=80,https://images.unsplash.com/photo-1596496181871-9681eacf9764?auto=format&fit=crop&w=1400&q=80
70,Structural Awareness for Students,https://images.unsplash.com/photo-1599423300746-b62533397364?auto=format&fit=crop&w=1400&q=80,https://images.unsplash.com/photo-1581093588401-12e45f1d3e0c?auto=format&fit=crop&w=1400&q=80
71,Slab and Beam Logic Representation,https://images.unsplash.com/photo-1600607687920-4e2a09cf159d?auto=format&fit=crop&w=1400&q=80,https://images.unsplash.com/photo-1581092160607-ee22621dd758?auto=format&fit=crop&w=1400&q=80
72,Wall Section Intelligence,https://images.unsplash.com/photo-1518005020951-eccb494ad742?auto=format&fit=crop&w=1400&q=80,https://images.unsplash.com/photo-1581090700227-4c4c1d8b1d1f?auto=format&fit=crop&w=1400&q=80
73,Staircase Detail Engineering,https://images.unsplash.com/photo-1600585154084-4e5fe7c39198?auto=format&fit=crop&w=1400&q=80,https://images.unsplash.com/photo-1581091870627-bb5a9d3f31c4?auto=format&fit=crop&w=1400&q=80
74,Toilet Detail Standards,https://images.unsplash.com/photo-1584622650111-993a426fbf0a?auto=format&fit=crop&w=1400&q=80,https://images.unsplash.com/photo-1600607687644-a3f1dfb07e6d?auto=format&fit=crop&w=1400&q=80
75,Annotation Systems,https://images.unsplash.com/photo-1581092580497-e0d23cbdf1dc?auto=format&fit=crop&w=1400&q=80,https://images.unsplash.com/photo-1581092334390-23a9b07c9d76?auto=format&fit=crop&w=1400&q=80
76,Drawing Legibility at Print Scale,https://images.unsplash.com/photo-1581092334421-b5f0b9f8b8f2?auto=format&fit=crop&w=1400&q=80,https://images.unsplash.com/photo-1581092334410-72e3b5c3b2f1?auto=format&fit=crop&w=1400&q=80
77,Avoiding Common Technical Errors,https://images.unsplash.com/photo-1581092334402-cc9d1c2e3f4a?auto=format&fit=crop&w=1400&q=80,https://images.unsplash.com/photo-1581092334425-91c1d5a7d5f3?auto=format&fit=crop&w=1400&q=80
78,Balancing Render and Drafting Exposure,https://images.unsplash.com/photo-1581092334428-1e3c1a2f6b5a?auto=format&fit=crop&w=1400&q=80,https://images.unsplash.com/photo-1581092334433-3b5e7d1c4f6a?auto=format&fit=crop&w=1400&q=80
,,,
Ch,Chapter,Primary,Supplementary
79,Grid Systems in Portfolio Design,https://images.unsplash.com/photo-1581092919534-9c0f1f6c7c0e?auto=format&fit=crop&w=1400&q=80,https://images.unsplash.com/photo-1581092334440-4b6e3f2c8d5f?auto=format&fit=crop&w=1400&q=80
80,Margin Control and White Space,https://images.unsplash.com/photo-1581092334445-5e4c3f7b1c6d?auto=format&fit=crop&w=1400&q=80,https://images.unsplash.com/photo-1581092334450-8b1e7c4a5f2e?auto=format&fit=crop&w=1400&q=80
81,Typography Hierarchy,https://images.unsplash.com/photo-1581092334455-1c5f3e7b4d2f?auto=format&fit=crop&w=1400&q=80,https://images.unsplash.com/photo-1581092334460-7e2c5f1d4b8f?auto=format&fit=crop&w=1400&q=80
82,Font Selection Strategy,https://images.unsplash.com/photo-1581092334465-2e4c7f5b6d1a?auto=format&fit=crop&w=1400&q=80,https://images.unsplash.com/photo-1581092334470-9c5f1d7e4b3f?auto=format&fit=crop&w=1400&q=80
83,Color Discipline,https://images.unsplash.com/photo-1581092334475-3f5e7d1c4b2f?auto=format&fit=crop&w=1400&q=80,https://images.unsplash.com/photo-1581092334480-4e7c5d1f3b6a?auto=format&fit=crop&w=1400&q=80
84,Monochrome vs Accent Strategy,https://images.unsplash.com/photo-1581092334485-5f7d1c3e4b2f?auto=format&fit=crop&w=1400&q=80,https://images.unsplash.com/photo-1581092334490-6d1c4f7e5b2a?auto=format&fit=crop&w=1400&q=80
85,Image Placement Systems,https://images.unsplash.com/photo-1581092334495-7c4e5f1d2b3a?auto=format&fit=crop&w=1400&q=80,https://images.unsplash.com/photo-1581092334500-8e1f3d7c4b2a?auto=format&fit=crop&w=1400&q=80
86,Modular Layout Logic,https://images.unsplash.com/photo-1581092334505-9f4c7d1e3b2a?auto=format&fit=crop&w=1400&q=80,https://images.unsplash.com/photo-1581092334510-1c3f5e7d4b2a?auto=format&fit=crop&w=1400&q=80
87,Page Rhythm Engineering,https://images.unsplash.com/photo-1581092334515-2e7c4d1f3b6a?auto=format&fit=crop&w=1400&q=80,https://images.unsplash.com/photo-1581092334520-3d5e7f1c4b2a?auto=format&fit=crop&w=1400&q=80
88,Alignment Discipline,https://images.unsplash.com/photo-1581092334525-4c7f1d3e5b2a?auto=format&fit=crop&w=1400&q=80,https://images.unsplash.com/photo-1581092334530-5e1c7d4f3b2a?auto=format&fit=crop&w=1400&q=80
89,Avoiding Graphic Noise,https://images.unsplash.com/photo-1581092334535-6f4c7d1e3b2a?auto=format&fit=crop&w=1400&q=80,https://images.unsplash.com/photo-1581092334540-7c5e1d3f4b2a?auto=format&fit=crop&w=1400&q=80
90,Professional Minimalism,https://images.unsplash.com/photo-1581092334545-8d1f4c7e3b2a?auto=format&fit=crop&w=1400&q=80,https://images.unsplash.com/photo-1581092334550-9e3c7d1f4b2a?auto=format&fit=crop&w=1400&q=80
91,Creating Cohesion Across Pages,https://images.unsplash.com/photo-1581092334555-1f4c7d3e5b2a?auto=format&fit=crop&w=1400&q=80,https://images.unsplash.com/photo-1581092334560-2e5f7d1c4b3a?auto=format&fit=crop&w=1400&q=80
,,,
Ch,Chapter,Primary Image,Supplementary Image
92,Choosing Page Size,https://images.unsplash.com/photo-1586281380117-5a60ae2050cc?auto=format&fit=crop&w=1400&q=80,https://images.unsplash.com/photo-1600585152220-90363fe7e115?auto=format&fit=crop&w=1400&q=80
93,Portrait vs Landscape Strategy,https://images.unsplash.com/photo-1586282391129-76a6df230234?auto=format&fit=crop&w=1400&q=80,https://images.unsplash.com/photo-1600585152915-d208bec867a1?auto=format&fit=crop&w=1400&q=80
94,A4 vs A3 Logic,https://images.unsplash.com/photo-1586282023358-4a5f7a90cfa5?auto=format&fit=crop&w=1400&q=80,https://images.unsplash.com/photo-1586282391099-76a6df230111?auto=format&fit=crop&w=1400&q=80
95,Template Archetypes,https://images.unsplash.com/photo-1600585154340-be6161a56a0c?auto=format&fit=crop&w=1400&q=80,https://images.unsplash.com/photo-1600607687920-4e2a09cf159d?auto=format&fit=crop&w=1400&q=80
96,Minimal Template System,https://images.unsplash.com/photo-1581091215367-59ab6b7b6c3e?auto=format&fit=crop&w=1400&q=80,https://images.unsplash.com/photo-1581093588401-12e45f1d3e0c?auto=format&fit=crop&w=1400&q=80
97,Editorial Template System,https://images.unsplash.com/photo-1529336953121-b0c42e3a7e62?auto=format&fit=crop&w=1400&q=80,https://images.unsplash.com/photo-1503387763-592deb58ef4e?auto=format&fit=crop&w=1400&q=80
98,Technical Template System,https://images.unsplash.com/photo-1581092334421-8a1d7c9e2a45?auto=format&fit=crop&w=1400&q=80,https://images.unsplash.com/photo-1518005020951-eccb494ad742?auto=format&fit=crop&w=1400&q=80
99,Bold Visual Template System,https://images.unsplash.com/photo-1560448075-bb485b067938?auto=format&fit=crop&w=1400&q=80,https://images.unsplash.com/photo-1501594907352-6c6c4d3e0b5a?auto=format&fit=crop&w=1400&q=80
100,Adobe InDesign Workflow,https://images.unsplash.com/photo-1581090464777-f3220bbe1b8b?auto=format&fit=crop&w=1400&q=80,https://images.unsplash.com/photo-1581090700227-1e8c1d4b8e8f?auto=format&fit=crop&w=1400&q=80
101,Illustrator Workflow,https://images.unsplash.com/photo-1581091870627-3c3b4b8c2d55?auto=format&fit=crop&w=1400&q=80,https://images.unsplash.com/photo-1581092160607-ee22621dd758?auto=format&fit=crop&w=1400&q=80
102,Revit Sheet Export Discipline,https://images.unsplash.com/photo-1581092334390-23a9b07c9d76?auto=format&fit=crop&w=1400&q=80,https://images.unsplash.com/photo-1581092334402-cc9d1c2e3f4a?auto=format&fit=crop&w=1400&q=80
103,File Optimization,https://images.unsplash.com/photo-1581092334425-91c1d5a7d5f3?auto=format&fit=crop&w=1400&q=80,https://images.unsplash.com/photo-1581092334440-4b6e3f2c8d5f?auto=format&fit=crop&w=1400&q=80
104,PDF Compression Strategy,https://images.unsplash.com/photo-1581092334455-1c5f3e7b4d2f?auto=format&fit=crop&w=1400&q=80,https://images.unsplash.com/photo-1581092334465-2e4c7f5b6d1a?auto=format&fit=crop&w=1400&q=80
105,Naming and Version Control,https://images.unsplash.com/photo-1581092334475-3f5e7d1c4b2f?auto=format&fit=crop&w=1400&q=80,https://images.unsplash.com/photo-1581092334485-5f7d1c3e4b2f?auto=format&fit=crop&w=1400&q=80
,,,
Ch,Chapter,Primary Image,Supplementary Image
106,Resume Architecture,https://images.unsplash.com/photo-1586281380349-632531db7ed4?auto=format&fit=crop&w=1400&q=80,https://images.unsplash.com/photo-1586282023358-4a5f7a90cfa5?auto=format&fit=crop&w=1400&q=80
107,Resume Graphic Discipline,https://images.unsplash.com/photo-1573497161161-c3c6fef12e7d?auto=format&fit=crop&w=1400&q=80,https://images.unsplash.com/photo-1586282391129-76a6df230234?auto=format&fit=crop&w=1400&q=80
108,Writing Internship Emails,https://images.unsplash.com/photo-1515378791036-0648a3ef77b2?auto=format&fit=crop&w=1400&q=80,https://images.unsplash.com/photo-1519389950473-47ba0277781c?auto=format&fit=crop&w=1400&q=80
109,Subject Line Strategy,https://images.unsplash.com/photo-1581090700227-4c4c1d8b1d1f?auto=format&fit=crop&w=1400&q=80,https://images.unsplash.com/photo-1581092334515-2e7c4d1f3b6a?auto=format&fit=crop&w=1400&q=80
110,Cover Letter Structure,https://images.unsplash.com/photo-1521737604893-d14cc237f11d?auto=format&fit=crop&w=1400&q=80,https://images.unsplash.com/photo-1552664688-cf412ec27db2?auto=format&fit=crop&w=1400&q=80
111,LinkedIn Optimization,https://images.unsplash.com/photo-1492724441997-5d3e0b7c0b8f?auto=format&fit=crop&w=1400&q=80,https://images.unsplash.com/photo-1559526324-593bc073d938?auto=format&fit=crop&w=1400&q=80
112,Application Tracking System,https://images.unsplash.com/photo-1551281044-8b3a6b6c9f3d?auto=format&fit=crop&w=1400&q=80,https://images.unsplash.com/photo-1531497865144-0464ef8fb9a9?auto=format&fit=crop&w=1400&q=80
113,Internship Research Database,https://images.unsplash.com/photo-1556761175-4b46a572b786?auto=format&fit=crop&w=1400&q=80,https://images.unsplash.com/photo-1542744173-8e7e53415bb0?auto=format&fit=crop&w=1400&q=80
114,Portfolio Customization,https://images.unsplash.com/photo-1581091215367-59ab6b7b6c3e?auto=format&fit=crop&w=1400&q=80,https://images.unsplash.com/photo-1600585154084-4e5fe7c39198?auto=format&fit=crop&w=1400&q=80
115,Common Application Mistakes,https://images.unsplash.com/photo-1581092334535-6f4c7d1e3b2a?auto=format&fit=crop&w=1400&q=80,https://images.unsplash.com/photo-1581092334545-8d1f4c7e3b2a?auto=format&fit=crop&w=1400&q=80
116,Interview Preparation,https://images.unsplash.com/photo-1522202176988-66273c2fd55f?auto=format&fit=crop&w=1400&q=80,https://images.unsplash.com/photo-1521737604893-d14cc237f11d?auto=format&fit=crop&w=1400&q=80
117,Presenting Portfolio Verbally,https://images.unsplash.com/photo-1504384308090-c894fdcc538d?auto=format&fit=crop&w=1400&q=80,https://images.unsplash.com/photo-1500530855697-b586d89ba3ee?auto=format&fit=crop&w=1400&q=80
118,Converting Internship to Opportunity,https://images.unsplash.com/photo-1507679799987-c73779587ccf?auto=format&fit=crop&w=1400&q=80,https://images.unsplash.com/photo-1543286386-713bdd548da4?auto=format&fit=crop&w=1400&q=80
,,,
Ch,Chapter,Primary Image,Supplementary Image
119,Self-Evaluation Matrix,https://images.unsplash.com/photo-1559523182-a284c3fb7cff?auto=format&fit=crop&w=1400&q=80,https://images.unsplash.com/photo-1551281044-8b3a6b6c9f3d?auto=format&fit=crop&w=1400&q=80
120,Portfolio Scoring System,https://images.unsplash.com/photo-1543286386-2e659306cd6c?auto=format&fit=crop&w=1400&q=80,https://images.unsplash.com/photo-1559526324-593bc073d938?auto=format&fit=crop&w=1400&q=80
121,Firm Compatibility Model,https://images.unsplash.com/photo-1507208773393-40d9fc6704b3?auto=format&fit=crop&w=1400&q=80,https://images.unsplash.com/photo-1552664730-d307ca884978?auto=format&fit=crop&w=1400&q=80
122,Match Score Calculation,https://images.unsplash.com/photo-1523958203904-1d5c1f0b2b5e?auto=format&fit=crop&w=1400&q=80,https://images.unsplash.com/photo-1526378722370-3b3f0a2e0c2a?auto=format&fit=crop&w=1400&q=80
123,High-Match vs Low-Match Strategy,https://images.unsplash.com/photo-1521737604893-d14cc237f11d?auto=format&fit=crop&w=1400&q=80,https://images.unsplash.com/photo-1492724441997-6b3c0b5b3b9f?auto=format&fit=crop&w=1400&q=80
124,Annual Portfolio Updating,https://images.unsplash.com/photo-1500534314209-a25ddb2bd429?auto=format&fit=crop&w=1400&q=80,https://images.unsplash.com/photo-1498050108023-c5249f4df085?auto=format&fit=crop&w=1400&q=80
125,Documenting Internship Learning,https://images.unsplash.com/photo-1519389950473-47ba0277781c?auto=format&fit=crop&w=1400&q=80,https://images.unsplash.com/photo-1492724441997-3c1d4d6c3d76?auto=format&fit=crop&w=1400&q=80
126,Transition to Thesis Portfolio,https://images.unsplash.com/photo-1518005020951-eccb494ad742?auto=format&fit=crop&w=1400&q=80,https://images.unsplash.com/photo-1503387763-592deb58ef4e?auto=format&fit=crop&w=1400&q=80
127,Transition to Professional Portfolio,https://images.unsplash.com/photo-1486406146926-c627a92ad1ab?auto=format&fit=crop&w=1400&q=80,https://images.unsplash.com/photo-1479839672679-a46483c0e7c8?auto=format&fit=crop&w=1400&q=80
128,Lifelong Portfolio System,https://images.unsplash.com/photo-1529429617124-95b109e86bb8?auto=format&fit=crop&w=1400&q=80,https://images.unsplash.com/photo-1503387762-592deb58ef4e?auto=format&fit=crop&w=1400&q=80